date,keyword,pull_1_hits,pull_2_hits,difference,absolute_difference
2021-09-12,trump,1,1,0,0
2021-09-19,trump,1,1,0,0
2021-09-26,trump,1,1,0,0
2021-10-03,trump,1,1,0,0
2021-10-10,trump,1,1,0,0
2021-10-17,trump,1,1,0,0
2021-10-24,trump,1,1,0,0
2021-10-31,trump,1,1,0,0
2021-11-07,trump,1,1,0,0
2021-11-14,trump,1,1,0,0
2021-11-21,trump,1,1,0,0
2021-11-28,trump,1,1,0,0
2021-12-05,trump,1,1,0,0
2021-12-12,trump,1,1,0,0
2021-12-19,trump,1,1,0,0
2021-12-26,trump,1,1,0,0
2022-01-02,trump,1,1,0,0
2022-01-09,trump,1,1,0,0
2022-01-16,trump,1,1,0,0
2022-01-23,trump,1,1,0,0
2022-01-30,trump,1,1,0,0
2022-02-06,trump,1,1,0,0
2022-02-13,trump,1,1,0,0
2022-02-20,trump,2,2,0,0
2022-02-27,trump,2,2,0,0
2022-03-06,trump,1,1,0,0
2022-03-13,trump,1,1,0,0
2022-03-20,trump,1,1,0,0
2022-03-27,trump,1,1,0,0
2022-04-03,trump,1,1,0,0
2022-04-10,trump,1,1,0,0
2022-04-17,trump,1,1,0,0
2022-04-24,trump,1,1,0,0
2022-05-01,trump,1,1,0,0
2022-05-08,trump,1,1,0,0
2022-05-15,trump,1,1,0,0
2022-05-22,trump,1,1,0,0
2022-05-29,trump,1,1,0,0
2022-06-05,trump,1,1,0,0
2022-06-12,trump,1,1,0,0
2022-06-19,trump,1,1,0,0
2022-06-26,trump,2,2,0,0
2022-07-03,trump,1,1,0,0
2022-07-10,trump,4,4,0,0
2022-07-17,trump,3,3,0,0
2022-07-24,trump,1,1,0,0
2022-07-31,trump,1,1,0,0
2022-08-07,trump,4,4,0,0
2022-08-14,trump,2,2,0,0
2022-08-21,trump,2,2,0,0
2022-08-28,trump,2,2,0,0
2022-09-04,trump,1,1,0,0
2022-09-11,trump,1,1,0,0
2022-09-18,trump,2,2,0,0
2022-09-25,trump,1,1,0,0
2022-10-02,trump,1,1,0,0
2022-10-09,trump,1,1,0,0
2022-10-16,trump,1,1,0,0
2022-10-23,trump,1,1,0,0
2022-10-30,trump,1,1,0,0
2022-11-06,trump,2,2,0,0
2022-11-13,trump,4,4,0,0
2022-11-20,trump,2,2,0,0
2022-11-27,trump,1,1,0,0
2022-12-04,trump,2,2,0,0
2022-12-11,trump,2,2,0,0
2022-12-18,trump,1,1,0,0
2022-12-25,trump,1,1,0,0
2023-01-01,trump,1,1,0,0
2023-01-08,trump,1,1,0,0
2023-01-15,trump,1,1,0,0
2023-01-22,trump,1,1,0,0
2023-01-29,trump,1,1,0,0
2023-02-05,trump,1,1,0,0
2023-02-12,trump,1,1,0,0
2023-02-19,trump,1,1,0,0
2023-02-26,trump,1,1,0,0
2023-03-05,trump,1,1,0,0
2023-03-12,trump,1,1,0,0
2023-03-19,trump,4,4,0,0
2023-03-26,trump,3,3,0,0
2023-04-02,trump,5,5,0,0
2023-04-09,trump,1,1,0,0
2023-04-16,trump,1,1,0,0
2023-04-23,trump,1,1,0,0
2023-04-30,trump,1,1,0,0
2023-05-07,trump,2,2,0,0
2023-05-14,trump,1,1,0,0
2023-05-21,trump,1,1,0,0
2023-05-28,trump,1,1,0,0
2023-06-04,trump,2,2,0,0
2023-06-11,trump,3,3,0,0
2023-06-18,trump,1,1,0,0
2023-06-25,trump,1,1,0,0
2023-07-02,trump,1,1,0,0
2023-07-09,trump,1,1,0,0
2023-07-16,trump,1,1,0,0
2023-07-23,trump,1,1,0,0
2023-07-30,trump,2,2,0,0
2023-08-06,trump,2,2,0,0
2023-08-13,trump,2,2,0,0
2023-08-20,trump,5,5,0,0
2023-08-27,trump,2,2,0,0
2023-09-03,trump,1,1,0,0
2023-09-10,trump,1,1,0,0
2023-09-17,trump,1,1,0,0
2023-09-24,trump,2,2,0,0
2023-10-01,trump,2,2,0,0
2023-10-08,trump,1,1,0,0
2023-10-15,trump,1,1,0,0
2023-10-22,trump,1,1,0,0
2023-10-29,trump,1,1,0,0
2023-11-05,trump,2,2,0,0
2023-11-12,trump,1,1,0,0
2023-11-19,trump,1,1,0,0
2023-11-26,trump,1,1,0,0
2023-12-03,trump,1,1,0,0
2023-12-10,trump,1,1,0,0
2023-12-17,trump,2,2,0,0
2023-12-24,trump,2,2,0,0
2023-12-31,trump,2,2,0,0
2024-01-07,trump,2,2,0,0
2024-01-14,trump,2,2,0,0
2024-01-21,trump,3,3,0,0
2024-01-28,trump,2,2,0,0
2024-02-04,trump,2,2,0,0
2024-02-11,trump,2,2,0,0
2024-02-18,trump,3,3,0,0
2024-02-25,trump,2,2,0,0
2024-03-03,trump,3,3,0,0
2024-03-10,trump,2,2,0,0
2024-03-17,trump,2,2,0,0
2024-03-24,trump,3,3,0,0
2024-03-31,trump,2,2,0,0
2024-04-07,trump,2,2,0,0
2024-04-14,trump,2,2,0,0
2024-04-21,trump,2,2,0,0
2024-04-28,trump,2,2,0,0
2024-05-05,trump,2,2,0,0
2024-05-12,trump,2,2,0,0
2024-05-19,trump,2,2,0,0
2024-05-26,trump,8,8,0,0
2024-06-02,trump,3,3,0,0
2024-06-09,trump,2,2,0,0
2024-06-16,trump,2,2,0,0
2024-06-23,trump,4,4,0,0
2024-06-30,trump,3,3,0,0
2024-07-07,trump,10,10,0,0
2024-07-14,trump,27,27,0,0
2024-07-21,trump,7,7,0,0
2024-07-28,trump,6,6,0,0
2024-08-04,trump,4,4,0,0
2024-08-11,trump,4,4,0,0
2024-08-18,trump,5,5,0,0
2024-08-25,trump,4,4,0,0
2024-09-01,trump,3,3,0,0
2024-09-08,trump,7,7,0,0
2024-09-15,trump,7,7,0,0
2024-09-22,trump,3,3,0,0
2024-09-29,trump,4,4,0,0
2024-10-06,trump,4,4,0,0
2024-10-13,trump,5,5,0,0
2024-10-20,trump,6,6,0,0
2024-10-27,trump,8,8,0,0
2024-11-03,trump,27,27,0,0
2024-11-10,trump,8,8,0,0
2024-11-17,trump,4,4,0,0
2024-11-24,trump,3,3,0,0
2024-12-01,trump,3,3,0,0
2024-12-08,trump,3,3,0,0
2024-12-15,trump,2,2,0,0
2024-12-22,trump,2,2,0,0
2024-12-29,trump,3,3,0,0
2025-01-05,trump,4,4,0,0
2025-01-12,trump,4,4,0,0
2025-01-19,trump,21,21,0,0
2025-01-26,trump,10,10,0,0
2025-02-02,trump,7,7,0,0
2025-02-09,trump,6,6,0,0
2025-02-16,trump,7,7,0,0
2025-02-23,trump,7,7,0,0
2025-03-02,trump,8,8,0,0
2025-03-09,trump,5,5,0,0
2025-03-16,trump,5,5,0,0
2025-03-23,trump,4,4,0,0
2025-03-30,trump,5,5,0,0
2025-04-06,trump,5,5,0,0
2025-04-13,trump,4,4,0,0
2025-04-20,trump,4,4,0,0
2025-04-27,trump,4,4,0,0
2025-05-04,trump,4,4,0,0
2025-05-11,trump,4,4,0,0
2025-05-18,trump,3,3,0,0
2025-05-25,trump,4,4,0,0
2025-06-01,trump,5,5,0,0
2025-06-08,trump,5,5,0,0
2025-06-15,trump,5,5,0,0
2025-06-22,trump,6,6,0,0
2025-06-29,trump,4,4,0,0
2025-07-06,trump,4,4,0,0
2025-07-13,trump,5,5,0,0
2025-07-20,trump,5,5,0,0
2025-07-27,trump,4,4,0,0
2025-08-03,trump,4,4,0,0
2025-08-10,trump,4,4,0,0
2025-08-17,trump,3,3,0,0
2025-08-24,trump,4,4,0,0
2025-08-31,trump,5,5,0,0
2025-09-07,trump,4,4,0,0
2025-09-14,trump,4,4,0,0
2025-09-21,trump,5,5,0,0
2025-09-28,trump,4,4,0,0
2025-10-05,trump,4,4,0,0
2025-10-12,trump,4,4,0,0
2025-10-19,trump,4,4,0,0
2025-10-26,trump,3,3,0,0
2025-11-02,trump,4,4,0,0
2025-11-09,trump,6,6,0,0
2025-11-16,trump,5,5,0,0
2025-11-23,trump,3,3,0,0
2025-11-30,trump,3,3,0,0
2025-12-07,trump,3,3,0,0
2025-12-14,trump,5,5,0,0
2025-12-21,trump,4,4,0,0
2025-12-28,trump,4,4,0,0
2026-01-04,trump,5,5,0,0
2026-01-11,trump,5,5,0,0
2026-01-18,trump,5,5,0,0
2026-01-25,trump,5,5,0,0
2026-02-01,trump,6,6,0,0
2026-02-08,trump,4,4,0,0
2026-02-15,trump,4,4,0,0
2026-02-22,trump,5,5,0,0
2026-03-01,trump,5,5,0,0
2026-03-08,trump,4,4,0,0
2026-03-15,trump,4,4,0,0
2026-03-22,trump,4,4,0,0
2026-03-29,trump,5,5,0,0
2026-04-05,trump,7,7,0,0
2026-04-12,trump,5,5,0,0
2026-04-19,trump,3,3,0,0
2026-04-26,trump,5,5,0,0
2026-05-03,trump,3,3,0,0
2026-05-10,trump,3,3,0,0
2026-05-17,trump,4,4,0,0
2026-05-24,trump,4,4,0,0
2026-05-31,trump,3,3,0,0
2026-06-07,trump,4,4,0,0
2026-06-14,trump,4,4,0,0
2026-06-21,trump,3,3,0,0
2026-06-28,trump,4,4,0,0
2026-07-05,trump,4,4,0,0
2026-07-12,trump,4,4,0,0
2026-07-19,trump,4,4,0,0
2026-07-26,trump,3,3,0,0
2026-08-02,trump,3,3,0,0
2026-08-09,trump,3,3,0,0
2026-08-16,trump,3,3,0,0
2026-08-23,trump,3,3,0,0
2026-08-30,trump,3,3,0,0
2026-09-06,trump,3,3,0,0
2026-09-13,trump,3,3,0,0
2021-09-12,harris,1,1,0,0
2021-09-19,harris,1,1,0,0
2021-09-26,harris,1,1,0,0
2021-10-03,harris,1,1,0,0
2021-10-10,harris,1,1,0,0
2021-10-17,harris,1,1,0,0
2021-10-24,harris,1,1,0,0
2021-10-31,harris,1,1,0,0
2021-11-07,harris,1,1,0,0
2021-11-14,harris,1,1,0,0
2021-11-21,harris,1,1,0,0
2021-11-28,harris,1,1,0,0
2021-12-05,harris,1,1,0,0
2021-12-12,harris,1,1,0,0
2021-12-19,harris,1,1,0,0
2021-12-26,harris,1,1,0,0
2022-01-02,harris,1,1,0,0
2022-01-09,harris,1,1,0,0
2022-01-16,harris,1,1,0,0
2022-01-23,harris,1,1,0,0
2022-01-30,harris,1,1,0,0
2022-02-06,harris,1,1,0,0
2022-02-13,harris,1,1,0,0
2022-02-20,harris,1,1,0,0
2022-02-27,harris,1,1,0,0
2022-03-06,harris,1,1,0,0
2022-03-13,harris,1,1,0,0
2022-03-20,harris,1,1,0,0
2022-03-27,harris,1,1,0,0
2022-04-03,harris,1,1,0,0
2022-04-10,harris,1,1,0,0
2022-04-17,harris,1,1,0,0
2022-04-24,harris,1,1,0,0
2022-05-01,harris,1,1,0,0
2022-05-08,harris,1,1,0,0
2022-05-15,harris,1,1,0,0
2022-05-22,harris,1,1,0,0
2022-05-29,harris,1,1,0,0
2022-06-05,harris,1,1,0,0
2022-06-12,harris,1,1,0,0
2022-06-19,harris,1,1,0,0
2022-06-26,harris,1,1,0,0
2022-07-03,harris,1,1,0,0
2022-07-10,harris,1,1,0,0
2022-07-17,harris,1,1,0,0
2022-07-24,harris,1,1,0,0
2022-07-31,harris,1,1,0,0
2022-08-07,harris,1,1,0,0
2022-08-14,harris,1,1,0,0
2022-08-21,harris,1,1,0,0
2022-08-28,harris,1,1,0,0
2022-09-04,harris,1,1,0,0
2022-09-11,harris,1,1,0,0
2022-09-18,harris,1,1,0,0
2022-09-25,harris,1,1,0,0
2022-10-02,harris,1,1,0,0
2022-10-09,harris,1,1,0,0
2022-10-16,harris,1,1,0,0
2022-10-23,harris,1,1,0,0
2022-10-30,harris,1,1,0,0
2022-11-06,harris,1,1,0,0
2022-11-13,harris,1,1,0,0
2022-11-20,harris,1,1,0,0
2022-11-27,harris,1,1,0,0
2022-12-04,harris,1,1,0,0
2022-12-11,harris,1,1,0,0
2022-12-18,harris,2,2,0,0
2022-12-25,harris,1,1,0,0
2023-01-01,harris,1,1,0,0
2023-01-08,harris,1,1,0,0
2023-01-15,harris,1,1,0,0
2023-01-22,harris,1,1,0,0
2023-01-29,harris,1,1,0,0
2023-02-05,harris,1,1,0,0
2023-02-12,harris,1,1,0,0
2023-02-19,harris,1,1,0,0
2023-02-26,harris,1,1,0,0
2023-03-05,harris,1,1,0,0
2023-03-12,harris,1,1,0,0
2023-03-19,harris,1,1,0,0
2023-03-26,harris,1,1,0,0
2023-04-02,harris,1,1,0,0
2023-04-09,harris,1,1,0,0
2023-04-16,harris,1,1,0,0
2023-04-23,harris,1,1,0,0
2023-04-30,harris,1,1,0,0
2023-05-07,harris,1,1,0,0
2023-05-14,harris,1,1,0,0
2023-05-21,harris,1,1,0,0
2023-05-28,harris,1,1,0,0
2023-06-04,harris,1,1,0,0
2023-06-11,harris,1,1,0,0
2023-06-18,harris,1,1,0,0
2023-06-25,harris,1,1,0,0
2023-07-02,harris,1,1,0,0
2023-07-09,harris,1,1,0,0
2023-07-16,harris,1,1,0,0
2023-07-23,harris,1,1,0,0
2023-07-30,harris,1,1,0,0
2023-08-06,harris,1,1,0,0
2023-08-13,harris,1,1,0,0
2023-08-20,harris,1,1,0,0
2023-08-27,harris,1,1,0,0
2023-09-03,harris,1,1,0,0
2023-09-10,harris,1,1,0,0
2023-09-17,harris,1,1,0,0
2023-09-24,harris,1,1,0,0
2023-10-01,harris,1,1,0,0
2023-10-08,harris,1,1,0,0
2023-10-15,harris,1,1,0,0
2023-10-22,harris,1,1,0,0
2023-10-29,harris,1,1,0,0
2023-11-05,harris,1,1,0,0
2023-11-12,harris,1,1,0,0
2023-11-19,harris,1,1,0,0
2023-11-26,harris,1,1,0,0
2023-12-03,harris,1,1,0,0
2023-12-10,harris,1,1,0,0
2023-12-17,harris,1,1,0,0
2023-12-24,harris,1,1,0,0
2023-12-31,harris,1,1,0,0
2024-01-07,harris,1,1,0,0
2024-01-14,harris,1,1,0,0
2024-01-21,harris,1,1,0,0
2024-01-28,harris,1,1,0,0
2024-02-04,harris,1,1,0,0
2024-02-11,harris,1,1,0,0
2024-02-18,harris,1,1,0,0
2024-02-25,harris,1,1,0,0
2024-03-03,harris,1,1,0,0
2024-03-10,harris,1,1,0,0
2024-03-17,harris,1,1,0,0
2024-03-24,harris,1,1,0,0
2024-03-31,harris,1,1,0,0
2024-04-07,harris,1,1,0,0
2024-04-14,harris,1,1,0,0
2024-04-21,harris,1,1,0,0
2024-04-28,harris,1,1,0,0
2024-05-05,harris,1,1,0,0
2024-05-12,harris,1,1,0,0
2024-05-19,harris,1,1,0,0
2024-05-26,harris,1,1,0,0
2024-06-02,harris,1,1,0,0
2024-06-09,harris,1,1,0,0
2024-06-16,harris,1,1,0,0
2024-06-23,harris,1,1,0,0
2024-06-30,harris,1,1,0,0
2024-07-07,harris,1,1,0,0
2024-07-14,harris,1,1,0,0
2024-07-21,harris,10,10,0,0
2024-07-28,harris,5,5,0,0
2024-08-04,harris,5,5,0,0
2024-08-11,harris,3,3,0,0
2024-08-18,harris,4,4,0,0
2024-08-25,harris,3,3,0,0
2024-09-01,harris,2,2,0,0
2024-09-08,harris,5,5,0,0
2024-09-15,harris,3,3,0,0
2024-09-22,harris,2,2,0,0
2024-09-29,harris,2,2,0,0
2024-10-06,harris,2,2,0,0
2024-10-13,harris,3,3,0,0
2024-10-20,harris,3,3,0,0
2024-10-27,harris,4,4,0,0
2024-11-03,harris,10,10,0,0
2024-11-10,harris,2,2,0,0
2024-11-17,harris,1,1,0,0
2024-11-24,harris,1,1,0,0
2024-12-01,harris,1,1,0,0
2024-12-08,harris,1,1,0,0
2024-12-15,harris,1,1,0,0
2024-12-22,harris,1,1,0,0
2024-12-29,harris,1,1,0,0
2025-01-05,harris,1,1,0,0
2025-01-12,harris,1,1,0,0
2025-01-19,harris,1,1,0,0
2025-01-26,harris,1,1,0,0
2025-02-02,harris,1,1,0,0
2025-02-09,harris,1,1,0,0
2025-02-16,harris,1,1,0,0
2025-02-23,harris,1,1,0,0
2025-03-02,harris,1,1,0,0
2025-03-09,harris,1,1,0,0
2025-03-16,harris,1,1,0,0
2025-03-23,harris,1,1,0,0
2025-03-30,harris,1,1,0,0
2025-04-06,harris,1,1,0,0
2025-04-13,harris,1,1,0,0
2025-04-20,harris,1,1,0,0
2025-04-27,harris,1,1,0,0
2025-05-04,harris,1,1,0,0
2025-05-11,harris,1,1,0,0
2025-05-18,harris,1,1,0,0
2025-05-25,harris,1,1,0,0
2025-06-01,harris,1,1,0,0
2025-06-08,harris,1,1,0,0
2025-06-15,harris,1,1,0,0
2025-06-22,harris,1,1,0,0
2025-06-29,harris,1,1,0,0
2025-07-06,harris,1,1,0,0
2025-07-13,harris,1,1,0,0
2025-07-20,harris,1,1,0,0
2025-07-27,harris,1,1,0,0
2025-08-03,harris,1,1,0,0
2025-08-10,harris,1,1,0,0
2025-08-17,harris,1,1,0,0
2025-08-24,harris,1,1,0,0
2025-08-31,harris,1,1,0,0
2025-09-07,harris,1,1,0,0
2025-09-14,harris,1,1,0,0
2025-09-21,harris,1,1,0,0
2025-09-28,harris,1,1,0,0
2025-10-05,harris,1,1,0,0
2025-10-12,harris,1,1,0,0
2025-10-19,harris,1,1,0,0
2025-10-26,harris,1,1,0,0
2025-11-02,harris,1,1,0,0
2025-11-09,harris,1,1,0,0
2025-11-16,harris,1,1,0,0
2025-11-23,harris,1,1,0,0
2025-11-30,harris,1,1,0,0
2025-12-07,harris,1,1,0,0
2025-12-14,harris,1,1,0,0
2025-12-21,harris,1,1,0,0
2025-12-28,harris,1,1,0,0
2026-01-04,harris,1,1,0,0
2026-01-11,harris,1,1,0,0
2026-01-18,harris,1,1,0,0
2026-01-25,harris,1,1,0,0
2026-02-01,harris,1,1,0,0
2026-02-08,harris,1,1,0,0
2026-02-15,harris,1,1,0,0
2026-02-22,harris,1,1,0,0
2026-03-01,harris,1,1,0,0
2026-03-08,harris,1,1,0,0
2026-03-15,harris,1,1,0,0
2026-03-22,harris,1,1,0,0
2026-03-29,harris,1,1,0,0
2026-04-05,harris,1,1,0,0
2026-04-12,harris,1,1,0,0
2026-04-19,harris,1,1,0,0
2026-04-26,harris,1,1,0,0
2026-05-03,harris,1,1,0,0
2026-05-10,harris,1,1,0,0
2026-05-17,harris,1,1,0,0
2026-05-24,harris,1,1,0,0
2026-05-31,harris,1,1,0,0
2026-06-07,harris,1,1,0,0
2026-06-14,harris,1,1,0,0
2026-06-21,harris,1,1,0,0
2026-06-28,harris,1,1,0,0
2026-07-05,harris,1,1,0,0
2026-07-12,harris,1,1,0,0
2026-07-19,harris,1,1,0,0
2026-07-26,harris,1,1,0,0
2026-08-02,harris,1,1,0,0
2026-08-09,harris,1,1,0,0
2026-08-16,harris,1,1,0,0
2026-08-23,harris,1,1,0,0
2026-08-30,harris,1,1,0,0
2026-09-06,harris,1,1,0,0
2026-09-13,harris,1,1,0,0
2021-09-12,election,2,2,0,0
2021-09-19,election,1,1,0,0
2021-09-26,election,0.5,0.5,0,0
2021-10-03,election,0.5,0.5,0,0
2021-10-10,election,0.5,0.5,0,0
2021-10-17,election,0.5,0.5,0,0
2021-10-24,election,1,1,0,0
2021-10-31,election,6,6,0,0
2021-11-07,election,0.5,0.5,0,0
2021-11-14,election,0.5,0.5,0,0
2021-11-21,election,0.5,0.5,0,0
2021-11-28,election,0.5,0.5,0,0
2021-12-05,election,0.5,0.5,0,0
2021-12-12,election,0.5,0.5,0,0
2021-12-19,election,0.5,0.5,0,0
2021-12-26,election,0.5,0.5,0,0
2022-01-02,election,0.5,0.5,0,0
2022-01-09,election,0.5,0.5,0,0
2022-01-16,election,0.5,0.5,0,0
2022-01-23,election,0.5,0.5,0,0
2022-01-30,election,0.5,0.5,0,0
2022-02-06,election,0.5,0.5,0,0
2022-02-13,election,0.5,0.5,0,0
2022-02-20,election,0.5,0.5,0,0
2022-02-27,election,1,1,0,0
2022-03-06,election,1,1,0,0
2022-03-13,election,0.5,0.5,0,0
2022-03-20,election,0.5,0.5,0,0
2022-03-27,election,0.5,0.5,0,0
2022-04-03,election,1,1,0,0
2022-04-10,election,1,1,0,0
2022-04-17,election,0.5,0.5,0,0
2022-04-24,election,1,1,0,0
2022-05-01,election,1,1,0,0
2022-05-08,election,1,1,0,0
2022-05-15,election,1,1,0,0
2022-05-22,election,1,1,0,0
2022-05-29,election,0.5,0.5,0,0
2022-06-05,election,1,1,0,0
2022-06-12,election,1,1,0,0
2022-06-19,election,1,1,0,0
2022-06-26,election,1,1,0,0
2022-07-03,election,0.5,0.5,0,0
2022-07-10,election,0.5,0.5,0,0
2022-07-17,election,1,1,0,0
2022-07-24,election,0.5,0.5,0,0
2022-07-31,election,1,1,0,0
2022-08-07,election,1,1,0,0
2022-08-14,election,1,1,0,0
2022-08-21,election,1,1,0,0
2022-08-28,election,0.5,0.5,0,0
2022-09-04,election,0.5,0.5,0,0
2022-09-11,election,0.5,0.5,0,0
2022-09-18,election,0.5,0.5,0,0
2022-09-25,election,0.5,0.5,0,0
2022-10-02,election,1,1,0,0
2022-10-09,election,1,1,0,0
2022-10-16,election,1,1,0,0
2022-10-23,election,1,1,0,0
2022-10-30,election,2,2,0,0
2022-11-06,election,35,35,0,0
2022-11-13,election,8,8,0,0
2022-11-20,election,1,1,0,0
2022-11-27,election,1,1,0,0
2022-12-04,election,2,2,0,0
2022-12-11,election,0.5,0.5,0,0
2022-12-18,election,0.5,0.5,0,0
2022-12-25,election,0.5,0.5,0,0
2023-01-01,election,0.5,0.5,0,0
2023-01-08,election,0.5,0.5,0,0
2023-01-15,election,0.5,0.5,0,0
2023-01-22,election,0.5,0.5,0,0
2023-01-29,election,0.5,0.5,0,0
2023-02-05,election,0.5,0.5,0,0
2023-02-12,election,0.5,0.5,0,0
2023-02-19,election,1,1,0,0
2023-02-26,election,1,1,0,0
2023-03-05,election,0.5,0.5,0,0
2023-03-12,election,0.5,0.5,0,0
2023-03-19,election,0.5,0.5,0,0
2023-03-26,election,0.5,0.5,0,0
2023-04-02,election,1,1,0,0
2023-04-09,election,0.5,0.5,0,0
2023-04-16,election,0.5,0.5,0,0
2023-04-23,election,0.5,0.5,0,0
2023-04-30,election,1,1,0,0
2023-05-07,election,1,1,0,0
2023-05-14,election,1,1,0,0
2023-05-21,election,0.5,0.5,0,0
2023-05-28,election,0.5,0.5,0,0
2023-06-04,election,0.5,0.5,0,0
2023-06-11,election,0.5,0.5,0,0
2023-06-18,election,0.5,0.5,0,0
2023-06-25,election,0.5,0.5,0,0
2023-07-02,election,0.5,0.5,0,0
2023-07-09,election,0.5,0.5,0,0
2023-07-16,election,0.5,0.5,0,0
2023-07-23,election,0.5,0.5,0,0
2023-07-30,election,0.5,0.5,0,0
2023-08-06,election,1,1,0,0
2023-08-13,election,0.5,0.5,0,0
2023-08-20,election,0.5,0.5,0,0
2023-08-27,election,0.5,0.5,0,0
2023-09-03,election,0.5,0.5,0,0
2023-09-10,election,0.5,0.5,0,0
2023-09-17,election,0.5,0.5,0,0
2023-09-24,election,0.5,0.5,0,0
2023-10-01,election,0.5,0.5,0,0
2023-10-08,election,0.5,0.5,0,0
2023-10-15,election,1,1,0,0
2023-10-22,election,1,1,0,0
2023-10-29,election,1,1,0,0
2023-11-05,election,5,5,0,0
2023-11-12,election,1,1,0,0
2023-11-19,election,0.5,0.5,0,0
2023-11-26,election,0.5,0.5,0,0
2023-12-03,election,1,1,0,0
2023-12-10,election,0.5,0.5,0,0
2023-12-17,election,0.5,0.5,0,0
2023-12-24,election,0.5,0.5,0,0
2023-12-31,election,0.5,0.5,0,0
2024-01-07,election,0.5,0.5,0,0
2024-01-14,election,1,1,0,0
2024-01-21,election,1,1,0,0
2024-01-28,election,0.5,0.5,0,0
2024-02-04,election,1,1,0,0
2024-02-11,election,1,1,0,0
2024-02-18,election,1,1,0,0
2024-02-25,election,1,1,0,0
2024-03-03,election,2,2,0,0
2024-03-10,election,1,1,0,0
2024-03-17,election,1,1,0,0
2024-03-24,election,0.5,0.5,0,0
2024-03-31,election,1,1,0,0
2024-04-07,election,0.5,0.5,0,0
2024-04-14,election,0.5,0.5,0,0
2024-04-21,election,1,1,0,0
2024-04-28,election,0.5,0.5,0,0
2024-05-05,election,1,1,0,0
2024-05-12,election,1,1,0,0
2024-05-19,election,1,1,0,0
2024-05-26,election,1,1,0,0
2024-06-02,election,2,2,0,0
2024-06-09,election,1,1,0,0
2024-06-16,election,1,1,0,0
2024-06-23,election,1,1,0,0
2024-06-30,election,1,1,0,0
2024-07-07,election,1,1,0,0
2024-07-14,election,1,1,0,0
2024-07-21,election,1,1,0,0
2024-07-28,election,1,1,0,0
2024-08-04,election,1,1,0,0
2024-08-11,election,1,1,0,0
2024-08-18,election,1,1,0,0
2024-08-25,election,1,1,0,0
2024-09-01,election,1,1,0,0
2024-09-08,election,1,1,0,0
2024-09-15,election,1,1,0,0
2024-09-22,election,1,1,0,0
2024-09-29,election,1,1,0,0
2024-10-06,election,1,1,0,0
2024-10-13,election,2,2,0,0
2024-10-20,election,3,3,0,0
2024-10-27,election,5,5,0,0
2024-11-03,election,100,100,0,0
2024-11-10,election,12,12,0,0
2024-11-17,election,3,3,0,0
2024-11-24,election,2,2,0,0
2024-12-01,election,1,1,0,0
2024-12-08,election,1,1,0,0
2024-12-15,election,1,1,0,0
2024-12-22,election,0.5,0.5,0,0
2024-12-29,election,0.5,0.5,0,0
2025-01-05,election,1,1,0,0
2025-01-12,election,0.5,0.5,0,0
2025-01-19,election,1,1,0,0
2025-01-26,election,1,1,0,0
2025-02-02,election,1,1,0,0
2025-02-09,election,0.5,0.5,0,0
2025-02-16,election,1,1,0,0
2025-02-23,election,1,1,0,0
2025-03-02,election,1,1,0,0
2025-03-09,election,1,1,0,0
2025-03-16,election,0.5,0.5,0,0
2025-03-23,election,1,1,0,0
2025-03-30,election,2,2,0,0
2025-04-06,election,0.5,0.5,0,0
2025-04-13,election,0.5,0.5,0,0
2025-04-20,election,0.5,0.5,0,0
2025-04-27,election,1,1,0,0
2025-05-04,election,1,1,0,0
2025-05-11,election,0.5,0.5,0,0
2025-05-18,election,1,1,0,0
2025-05-25,election,0.5,0.5,0,0
2025-06-01,election,0.5,0.5,0,0
2025-06-08,election,1,1,0,0
2025-06-15,election,0.5,0.5,0,0
2025-06-22,election,1,1,0,0
2025-06-29,election,0.5,0.5,0,0
2025-07-06,election,0.5,0.5,0,0
2025-07-13,election,0.5,0.5,0,0
2025-07-20,election,0.5,0.5,0,0
2025-07-27,election,1,1,0,0
2025-08-03,election,0.5,0.5,0,0
2025-08-10,election,0.5,0.5,0,0
2025-08-17,election,0.5,0.5,0,0
2025-08-24,election,0.5,0.5,0,0
2025-08-31,election,0.5,0.5,0,0
2025-09-07,election,0.5,0.5,0,0
2025-09-14,election,0.5,0.5,0,0
2025-09-21,election,0.5,0.5,0,0
2025-09-28,election,0.5,0.5,0,0
2025-10-05,election,1,1,0,0
2025-10-12,election,1,1,0,0
2025-10-19,election,1,1,0,0
2025-10-26,election,1,1,0,0
2025-11-02,election,9,9,0,0
2025-11-09,election,1,1,0,0
2025-11-16,election,1,1,0,0
2025-11-23,election,0.5,0.5,0,0
2025-11-30,election,1,1,0,0
2025-12-07,election,1,1,0,0
2025-12-14,election,0.5,0.5,0,0
2025-12-21,election,0.5,0.5,0,0
2025-12-28,election,0.5,0.5,0,0
2026-01-04,election,1,1,0,0
2026-01-11,election,1,1,0,0
2026-01-18,election,1,1,0,0
2026-01-25,election,1,1,0,0
2026-02-01,election,1,1,0,0
2026-02-08,election,1,1,0,0
2026-02-15,election,1,1,0,0
2026-02-22,election,1,1,0,0
2026-03-01,election,2,2,0,0
2026-03-08,election,1,1,0,0
2026-03-15,election,1,1,0,0
2026-03-22,election,1,1,0,0
2026-03-29,election,1,1,0,0
2026-04-05,election,1,1,0,0
2026-04-12,election,1,1,0,0
2026-04-19,election,1,1,0,0
2026-04-26,election,1,1,0,0
2026-05-03,election,2,2,0,0
2026-05-10,election,1,1,0,0
2026-05-17,election,1,1,0,0
2026-05-24,election,1,1,0,0
2026-05-31,election,2,2,0,0
2026-06-07,election,1,1,0,0
2026-06-14,election,1,1,0,0
2026-06-21,election,1,1,0,0
2026-06-28,election,1,1,0,0
2026-07-05,election,1,1,0,0
2026-07-12,election,1,1,0,0
2026-07-19,election,1,1,0,0
2026-07-26,election,1,1,0,0
2026-08-02,election,1,1,0,0
2026-08-09,election,1,1,0,0
2026-08-16,election,1,1,0,0
2026-08-23,election,0.5,0.5,0,0
2026-08-30,election,0.5,0.5,0,0
2026-09-06,election,0.5,0.5,0,0
2026-09-13,election,1,1,0,0
