country,population_text,date_text,population_value,date
India,"1,429,404,000",1 Jul 2026,1429404000,2026-07-01
China,"1,404,890,000",31 Dec 2025,1404890000,2025-12-31
United States,"341,784,857",1 Jul 2025,341784857,2025-07-01
Indonesia,"288,315,089",31 Dec 2025,288315089,2025-12-31
Pakistan,"241,499,431",1 Mar 2023,241499431,2023-03-01
Nigeria,"223,800,000",1 Jul 2023,223800000,2023-07-01
Brazil,"214,211,951",1 Jul 2026,214211951,2026-07-01
Bangladesh,"169,828,911",14 Jun 2022,169828911,2022-06-14
Russia,"146,028,325",1 Jan 2025,146028325,2025-01-01
Mexico,"131,231,919",30 Jun 2026,131231919,2026-06-30
Japan,"122,650,000",1 Sep 2026,122650000,2026-09-01
Democratic Republic of the Congo,"116,452,162",1 Jul 2026,116452162,2026-07-01
Philippines,"114,849,400",1 Jul 2026,114849400,2026-07-01
Ethiopia,"111,652,998",1 Jul 2025,111652998,2025-07-01
Egypt,"108,613,296",1 Jan 2026,108613296,2026-01-01
Vietnam,"102,300,000",31 Dec 2025,102300000,2025-12-31
Iran,"87,134,000",21 Mar 2026,87134000,2026-03-21
Turkey,"86,092,168",31 Dec 2025,86092168,2025-12-31
Germany,"83,298,787",30 Jun 2026,83298787,2026-06-30
Thailand,"70,250,751",2025,70250751,NA
Tanzania,"70,038,850",1 Jul 2026,70038850,2026-07-01
United Kingdom,"69,487,000",30 Jun 2025,69487000,2025-06-30
France,"69,081,996",1 Jan 2026,69081996,2026-01-01
South Africa,"63,522,380",30 Jun 2026,63522380,2026-06-30
Italy,"58,943,673",30 Jun 2026,58943673,2026-06-30
Kenya,"54,227,015",1 Jul 2026,54227015,2026-07-01
Colombia,"53,399,171",1 Jan 2026,53399171,2026-01-01
Sudan,"53,282,719",1 Jul 2026,53282719,2026-07-01
Myanmar,"51,375,327",15 Oct 2024,51375327,2024-10-15
South Korea,"51,088,284",31 Jul 2026,51088284,2026-07-31
Spain,"49,801,559",1 Jul 2026,49801559,2026-07-01
Algeria,"47,400,000",1 Jan 2025,47400000,2025-01-01
Argentina,"46,466,688",1 Jul 2026,46466688,2026-07-01
Iraq,"46,118,793",21 Nov 2024,46118793,2024-11-21
Uganda,"45,905,417",10 May 2024,45905417,2024-05-10
Afghanistan,"43,844,000",1 Jul 2025,43844000,2025-07-01
Canada,"41,798,407",1 Jul 2026,41798407,2026-07-01
Uzbekistan,"39,047,321",15 Jan 2026,39047321,2026-01-15
Angola,"38,778,554",1 Jan 2026,38778554,2026-01-01
Morocco,"37,254,695",1 Jul 2026,37254695,2026-07-01
Poland,"37,232,000",31 Jul 2026,37232000,2026-07-31
Saudi Arabia,"35,300,280",1 Jul 2024,35300280,2024-07-01
Mozambique,"34,958,973",1 Jul 2026,34958973,2026-07-01
Malaysia,"34,389,400",30 Jun 2026,34389400,2026-06-30
Ghana,"34,378,768",1 Jul 2026,34378768,2026-07-01
Peru,"34,157,732",4 Aug 2025,34157732,2025-08-04
Ivory Coast,"33,293,101",1 Jul 2026,33293101,2026-07-01
Yemen,"32,684,503",1 Jul 2023,32684503,2023-07-01
Madagascar,"32,658,977",1 Jul 2026,32658977,2026-07-01
Nepal,"30,034,040",1 Jul 2026,30034040,2026-07-01
Cameroon,"29,442,327",1 Jul 2025,29442327,2025-07-01
Ukraine,"28,700,000",1 Sep 2025,28700000,2025-09-01
Venezuela,"28,633,711",1 Jul 2026,28633711,2026-07-01
Australia,"27,921,150",31 Mar 2026,27921150,2026-03-31
Niger,"27,522,750",1 Jul 2025,27522750,2025-07-01
Syria,"26,472,497",1 Jul 2026,26472497,2026-07-01
North Korea,"25,950,000",1 Jul 2024,25950000,2024-07-01
Burkina Faso,"24,736,828",1 Jul 2026,24736828,2026-07-01
Mali,"23,929,000",1 Jul 2024,23929000,2024-07-01
Taiwan,"23,224,721",31 Aug 2026,23224721,2026-08-31
Zambia,"23,003,214",1 Jul 2026,23003214,2026-07-01
Sri Lanka,"21,778,000",1 Jul 2026,21778000,2026-07-01
Malawi,"21,201,635",1 Jul 2026,21201635,2026-07-01
Kazakhstan,"20,618,796",1 Sep 2026,20618796,2026-09-01
Somalia,"20,305,907",1 Jul 2026,20305907,2026-07-01
Chile,"20,150,948",30 Jun 2026,20150948,2026-06-30
Chad,"20,031,602",1 Jul 2026,20031602,2026-07-01
Senegal,"19,575,061",1 Jul 2026,19575061,2026-07-01
Romania,"19,041,322",1 Jan 2026,19041322,2026-01-01
Guatemala,"18,312,373",1 Jul 2026,18312373,2026-07-01
Ecuador,"18,243,816",1 Jul 2026,18243816,2026-07-01
Netherlands,"18,171,612",31 Aug 2026,18171612,2026-08-31
Cambodia,"17,816,143",1 Jul 2026,17816143,2026-07-01
Guinea,"17,521,167",1 Jul 2025,17521167,2025-07-01
Zimbabwe,"16,175,966",1 Jul 2026,16175966,2026-07-01
South Sudan,"15,786,898",1 Jul 2025,15786898,2025-07-01
Rwanda,"14,418,145",1 Jul 2026,14418145,2026-07-01
Benin,"13,551,992",1 Jul 2026,13551992,2026-07-01
Burundi,"12,332,788",16 Aug 2024,12332788,2024-08-16
Tunisia,"11,992,843",1 Jan 2026,11992843,2026-01-01
Belgium,"11,942,772",1 Jul 2026,11942772,2026-07-01
Jordan,"11,937,000",31 Dec 2025,11937000,2025-12-31
Haiti,"11,867,032",1 Jul 2024,11867032,2024-07-01
Portugal,"11,424,031",31 Dec 2025,11424031,2025-12-31
Bolivia,"11,365,333",23 Mar 2024,11365333,2024-03-23
United Arab Emirates,"11,294,243",31 Dec 2024,11294243,2024-12-31
Czech Republic,"10,903,655",30 Jun 2026,10903655,2026-06-30
Dominican Republic,"10,771,504",10 Nov 2022,10771504,2022-11-10
Tajikistan,"10,721,000",1 Jan 2026,10721000,2026-01-01
Sweden,"10,613,531",31 Jul 2026,10613531,2026-07-31
Greece,"10,372,335",1 Jan 2025,10372335,2025-01-01
Israel,"10,305,000",31 Aug 2026,10305000,2026-08-31
Azerbaijan,"10,273,450",1 Jul 2026,10273450,2026-07-01
Honduras,"10,186,738",1 Jul 2026,10186738,2026-07-01
Papua New Guinea,"10,185,363",16 Jun 2024,10185363,2024-06-16
Hungary,"9,488,428",1 Jan 2026,9488428,2026-01-01
Cuba,"9,434,593",31 Dec 2025,9434593,2025-12-31
Sierra Leone,"9,270,700",1 Jul 2026,9270700,2026-07-01
Austria,"9,217,573",1 Jul 2026,9217573,2026-07-01
Switzerland,"9,154,896",30 Jun 2026,9154896,2026-06-30
Belarus,"9,056,080",1 Jan 2026,9056080,2026-01-01
Togo,"8,095,498",8 Nov 2022,8095498,2022-11-08
Laos,"7,745,000",1 Jul 2025,7745000,2025-07-01
Libya,"7,539,852",1 Jul 2026,7539852,2026-07-01
Hong Kong (China),"7,518,300",30 Jun 2026,7518300,2026-06-30
Kyrgyzstan,"7,404,300",1 Jan 2026,7404300,2026-01-01
Turkmenistan,"7,057,841",17 Dec 2022,7057841,2022-12-17
Nicaragua,"6,874,748",30 Jun 2024,6874748,2024-06-30
Serbia,"6,532,019",1 Jan 2026,6532019,2026-01-01
Central African Republic,"6,470,307",1 Jul 2024,6470307,2024-07-01
Bulgaria,"6,423,207",31 Dec 2025,6423207,2025-12-31
Singapore,"6,208,500",30 Jun 2026,6208500,2026-06-30
Republic of the Congo,"6,142,180",17 May 2023,6142180,2023-05-17
Paraguay,"6,109,644",9 Nov 2022,6109644,2022-11-09
Denmark,"6,032,304",1 Aug 2026,6032304,2026-08-01
El Salvador,"6,029,976",2 May 2024,6029976,2024-05-02
Lebanon,"5,895,466",2026,5895466,NA
Finland,"5,659,324",31 Aug 2026,5659324,2026-08-31
Norway,"5,636,904",30 Jun 2026,5636904,2026-06-30
Palestine,"5,557,096",31 Dec 2025,5557096,2025-12-31
Ireland,"5,525,600",1 Apr 2026,5525600,2026-04-01
Slovakia,"5,403,009",30 Jun 2026,5403009,2026-06-30
Oman,"5,398,645",30 Jun 2026,5398645,2026-06-30
New Zealand,"5,357,300",30 Jun 2026,5357300,2026-06-30
Liberia,"5,248,621",10 Nov 2022,5248621,2022-11-10
Costa Rica,"5,217,296",30 Jun 2026,5217296,2026-06-30
Mauritania,"4,927,532",25 Dec 2023,4927532,2023-12-25
Kuwait,"4,881,254",1 Jan 2025,4881254,2025-01-01
Panama,"4,064,780",1 Jul 2026,4064780,2026-07-01
Georgia,"3,941,100",1 Jan 2026,3941100,2026-01-01
Croatia,"3,874,993",1 Jul 2025,3874993,2025-07-01
Eritrea,"3,682,669",1 Jul 2026,3682669,2026-07-01
Mongolia,"3,591,120",31 Dec 2025,3591120,2025-12-31
Uruguay,"3,480,601",30 Jun 2026,3480601,2026-06-30
Bosnia and Herzegovina,"3,412,000",1 Jul 2024,3412000,2024-07-01
Qatar,"3,370,611",31 Mar 2026,3370611,2026-03-31
Puerto Rico (US),"3,184,835",1 Jul 2025,3184835,2025-07-01
Armenia,"3,103,900",1 Jan 2026,3103900,2026-01-01
Namibia,"3,022,401",24 Sep 2023,3022401,2023-09-24
Lithuania,"2,887,761",1 Sep 2026,2887761,2026-09-01
Jamaica,"2,774,538",12 Sep 2022,2774538,2022-09-12
Botswana,"2,515,633",1 Jul 2026,2515633,2026-07-01
Gabon,"2,469,296",1 Jul 2025,2469296,2025-07-01
Gambia,"2,422,712",1 May 2024,2422712,2024-05-01
Moldova,"2,365,600",1 Jan 2026,2365600,2026-01-01
Albania,"2,335,930",1 Jan 2026,2335930,2026-01-01
Slovenia,"2,136,385",1 Apr 2026,2136385,2026-04-01
Lesotho,"2,116,427",2024,2116427,NA
Guinea-Bissau,"1,890,252",1 Jul 2026,1890252,2026-07-01
Latvia,"1,832,100",1 Jul 2026,1832100,2026-07-01
North Macedonia,"1,819,074",31 Dec 2025,1819074,2025-12-31
Equatorial Guinea,"1,668,768",1 Jul 2024,1668768,2024-07-01
Bahrain,"1,603,260",30 Jun 2025,1603260,2025-06-30
Kosovo,"1,582,322",31 Dec 2025,1582322,2025-12-31
Timor-Leste,"1,409,452",1 Jul 2026,1409452,2026-07-01
Trinidad and Tobago,"1,367,764",30 Jun 2025,1367764,2025-06-30
Estonia,"1,360,745",1 Jan 2026,1360745,2026-01-01
Mauritius,"1,240,316",30 Jun 2026,1240316,2026-06-30
Eswatini,"1,235,549",1 Jul 2024,1235549,2024-07-01
Djibouti,"1,066,809",20 May 2024,1066809,2024-05-20
Cyprus,"983,000",31 Dec 2024,983000,2024-12-31
Guyana,"956,044",31 Dec 2024,956044,2024-12-31
Comoros,"944,388",2026,944388,NA
Fiji,"902,623",1 Jan 2026,902623,2026-01-01
Bhutan,"790,718",2026,790718,NA
Solomon Islands,"750,325",1 Jul 2024,750325,2024-07-01
Luxembourg,"690,959",1 Jan 2026,690959,2026-01-01
Macau (China),"686,500",30 Jun 2026,686500,2026-06-30
Montenegro,"622,902",1 Jan 2026,622902,2026-01-01
Suriname,"616,500",1 Jul 2021,616500,2021-07-01
Western Sahara (disputed),"610,813",1 Jul 2026,610813,2026-07-01
Malta,"588,254",31 Dec 2025,588254,2025-12-31
Maldives,"515,132",13 Sep 2022,515132,2022-09-13
Cape Verde,"491,233",16 Jun 2021,491233,2021-06-16
Northern Cyprus,"476,214",31 Dec 2023,476214,2023-12-31
Brunei,"458,600",1 Jul 2025,458600,2025-07-01
Belize,"418,982",1 Jul 2026,418982,2026-07-01
Bahamas,"398,165",4 Apr 2022,398165,2022-04-04
Iceland,"396,500",1 Jul 2026,396500,2026-07-01
Transnistria,"367,776",31 Mar 2024,367776,2024-03-31
Vanuatu,"321,409",1 Jul 2024,321409,2024-07-01
French Polynesia (France),"279,500",31 Dec 2024,279500,2024-12-31
New Caledonia (France),"264,596",1 Jan 2025,264596,2025-01-01
Barbados,"261,692",31 Dec 2025,261692,2025-12-31
Abkhazia,"244,236",1 Jan 2022,244236,2022-01-01
São Tomé and Príncipe,"209,607",2024,209607,NA
Samoa,"205,557",6 Nov 2021,205557,2021-11-06
Saint Lucia,"184,100",1 Jul 2023,184100,2023-07-01
Curaçao (Netherlands),"158,006",1 Jan 2026,158006,2026-01-01
Guam (US),"153,836",1 Apr 2020,153836,2020-04-01
Seychelles,"123,565",30 Jun 2026,123565,2026-06-30
Kiribati,"120,740",1 Jul 2021,120740,2021-07-01
Aruba (Netherlands),"110,625",31 Dec 2025,110625,2025-12-31
Saint Vincent and the Grenadines,"109,296",15 Jun 2023,109296,2023-06-15
Grenada,"109,021",2021,109021,NA
Jersey (UK),"104,540",31 Dec 2024,104540,2024-12-31
Antigua and Barbuda,"103,603",1 Jan 2024,103603,2024-01-01
Tonga,"100,179",30 Nov 2021,100179,2021-11-30
Andorra,"90,105",31 Aug 2026,90105,2026-08-31
Cayman Islands (UK),"88,833",31 Dec 2024,88833,2024-12-31
U.S. Virgin Islands (US),"87,146",1 Apr 2020,87146,2020-04-01
Isle of Man (UK),"84,975",1 Apr 2025,84975,2025-04-01
Micronesia,"75,817",12 Feb 2023,75817,2023-02-12
Dominica,"65,514",2026,65514,NA
Guernsey (UK),"64,781",31 Dec 2023,64781,2023-12-31
Bermuda (UK),"64,055",1 Jul 2021,64055,2021-07-01
Greenland (Denmark),"56,945",1 Jul 2026,56945,2026-07-01
South Ossetia,"56,520",31 Dec 2021,56520,2021-12-31
Faroe Islands (Denmark),"55,726",1 Aug 2026,55726,2026-08-01
Turks and Caicos Islands (UK),"52,299",1 Jul 2025,52299,2025-07-01
Saint Kitts and Nevis,"51,320",2022,51320,NA
American Samoa (US),"49,710",1 Apr 2020,49710,2020-04-01
Northern Mariana Islands (US),"47,329",1 Apr 2020,47329,2020-04-01
Marshall Islands,"42,418",30 Sep 2021,42418,2021-09-30
Sint Maarten (Netherlands),"41,349",1 Jan 2025,41349,2025-01-01
Liechtenstein,"41,237",31 Dec 2025,41237,2025-12-31
British Virgin Islands (UK),"39,471",1 Jul 2024,39471,2024-07-01
Monaco,"38,857",31 Dec 2025,38857,2025-12-31
Gibraltar (UK),"38,196",14 Nov 2022,38196,2022-11-14
San Marino,"34,167",30 Jun 2026,34167,2026-06-30
Saint Martin (France),"31,496",1 Jan 2025,31496,2025-01-01
Palau,"16,733",1 Jul 2021,16733,2021-07-01
Anguilla (UK),"16,010",31 Dec 2024,16010,2024-12-31
Cook Islands (New Zealand),"15,040",1 Jul 2021,15040,2021-07-01
Nauru,"11,680",30 Oct 2021,11680,2021-10-30
Wallis and Futuna (France),"11,620",24 Jul 2023,11620,2023-07-24
Tuvalu,"10,643",12 Dec 2022,10643,2022-12-12
Saint Barthélemy (France),"10,562",1 Jan 2025,10562,2025-01-01
Saint Pierre and Miquelon (France),"5,819",1 Jan 2025,5819,2025-01-01
"Saint Helena, Ascension and Tristan da Cunha (UK)","5,651",1 Jul 2021,5651,2021-07-01
Montserrat (UK),"4,386",23 Sep 2023,4386,2023-09-23
Falkland Islands (UK),"3,662",10 Oct 2021,3662,2021-10-10
Tokelau (New Zealand),"2,608",1 Jan 2025,2608,2025-01-01
Norfolk Island (Australia),"2,188",1 Jan 2021,2188,2021-01-01
Christmas Island (Australia),"1,692",1 Jan 2021,1692,2021-01-01
Niue (New Zealand),"1,681",11 Nov 2022,1681,2022-11-11
Vatican City,882,31 Dec 2024,882,2024-12-31
Cocos (Keeling) Islands (Australia),593,30 Jun 2020,593,2020-06-30
Pitcairn Islands (UK),35,2023,35,NA
