country,reserves_text,date_text,reserves_usd_million,date
China,"3,854,885",1 August 2026,3854885,2026-08-01
Japan,"1,287,470",30 June 2026,1287470,2026-06-30
Switzerland,"939,140",30 June 2026,939140,2026-06-30
India,"785,710",04 September 2026,785710,2026-09-04
Russia,"761,200",21 August 2026,761200,2026-08-21
Taiwan,"597,150",30 June 2026,597150,2026-06-30
Saudi Arabia,"487,370",31 May 2026,487370,2026-05-31
Hong Kong *,"445,900",30 June 2026,445900,2026-06-30
South Korea,"427,400",30 June 2026,427400,2026-06-30
Singapore,"426,830",30 June 2026,426830,2026-06-30
Brazil,"366,913",30 Apr 2026,366913,2026-04-30
Germany,"345,338",1 Oct 2024,345338,2024-10-01
Thailand,"300,180",1 Jul 2026,300180,2026-07-01
Italy,"279,631",1 Nov 2024,279631,2024-11-01
France,"272,693",1 Nov 2024,272693,2024-11-01
Mexico,"255,605",30 Jan 2026,255605,2026-01-30
United States,"253,767",22 Aug 2025,253767,2025-08-22
Israel,"231,880",6 Oct 2025,231880,2025-10-06
Poland,"223,200",7 Jan 2025,223200,2025-01-07
Turkey,"218,158",30 Jan 2026,218158,2026-01-30
United Arab Emirates,"210,000",1 Nov 2024,210000,2024-11-01
United Kingdom,"189,228",1 Nov 2024,189228,2024-11-01
Indonesia,"159,246",1 Nov 2024,159246,2024-11-01
Czech Republic,"149,416",1 Nov 2024,149416,2024-11-01
Netherlands,"125,451",1 Mar 2024,125451,2024-03-01
Canada,"123,084",1 Nov 2024,123084,2024-11-01
Malaysia,"119,700",1 Oct 2024,119700,2024-10-01
Philippines,"112,434",1 Nov 2024,112434,2024-11-01
Spain,"100,983",1 Nov 2024,100983,2024-11-01
Iraq,"100,000",25 Mar 2024,100000,2024-03-25
Romania,"95,127",31 Jan 2026,95127,2026-01-31
Vietnam,"93,342",1 Mar 2024,93342,2024-03-01
Denmark,"93,196",1 Nov 2024,93196,2024-11-01
Belgium,"82,000",1 Mar 2024,82000,2024-03-01
Norway,"80,110",1 Oct 2024,80110,2024-10-01
Peru,"73,483",1 Mar 2024,73483,2024-03-01
Libya,"70,524",1 Mar 2024,70524,2024-03-01
Algeria,"68,028",1 Mar 2024,68028,2024-03-01
South Africa,"67,450",31 Mar 2025,67450,2025-03-31
Australia,"65,018",7 Nov 2024,65018,2024-11-07
Qatar,"64,560",1 Mar 2024,64560,2024-03-01
Sweden,"62,438",7 Nov 2024,62438,2024-11-07
Colombia,"57,269",8 Mar 2024,57269,2024-03-08
Portugal,"53,710",1 Mar 2024,53710,2024-03-01
Kuwait,"46,420",1 Mar 2024,46420,2024-03-01
Chile,"42,527",1 Mar 2024,42527,2024-03-01
Hungary,"41,344",1 Mar 2024,41344,2024-03-01
Ukraine,"40,507",1 Mar 2024,40507,2024-03-01
Bangladesh,"37,660",03 Jul 2026,37660,2026-07-03
Argentina,"36,625",1 Jun 2026,36625,2026-06-01
Serbia,"35,770",11 Sept 2026,35770,2026-09-11
Bulgaria,"35,395",1 Mar 2024,35395,2024-03-01
Egypt,"35,310",1 Mar 2024,35310,2024-03-01
Nigeria,"34,980",1 Mar 2024,34980,2024-03-01
Austria,"34,856",1 Mar 2024,34856,2024-03-01
Kazakhstan,"34,500",1 Mar 2024,34500,2024-03-01
Uzbekistan,"32,195",1 Mar 2024,32195,2024-03-01
Morocco,"32,037",1 Mar 2024,32037,2024-03-01
New Zealand,"31,712",1 Mar 2024,31712,2024-03-01
Pakistan,"26,791",19 Sep 2026,26791,2026-09-19
Iran,"24,300",1 Mar 2024,24300,2024-03-01
Macau *,"24,283",1 Mar 2024,24283,2024-03-01
Guatemala,"21,390",1 Mar 2024,21390,2024-03-01
Turkmenistan,"20,600",1 Mar 2024,20600,2024-03-01
Cambodia,"18,496",1 Mar 2024,18496,2024-03-01
Jordan,"18,765",1 Mar 2024,18765,2024-03-01
Nepal,"18,400",11 Mar 2024,18400,2024-03-11
Oman,"16,163",1 Mar 2024,16163,2024-03-01
Uruguay,"15,449",1 Mar 2024,15449,2024-03-01
Lebanon,"14,738",1 Mar 2024,14738,2024-03-01
Dominican Republic,"14,371",1 Mar 2024,14371,2024-03-01
Angola,"14,200",15 Mar 2024,14200,2024-03-15
Costa Rica,"13,200",1 Mar 2024,13200,2024-03-01
Ireland,"12,599",1 Mar 2024,12599,2024-03-01
Azerbaijan,"11,650",1 Mar 2024,11650,2024-03-01
Ivory Coast,"9,800",1 Mar 2024,9800,2024-03-01
Paraguay,"9,707",1 Mar 2024,9707,2024-03-01
North Korea,"9,109",1 Mar 2024,9109,2024-03-01
Bosnia and Herzegovina,"8,711",1 Mar 2024,8711,2024-03-01
Belarus,"8,697",31 Aug 2024,8697,2024-08-31
Tunisia,"8,623",21 Mar 2024,8623,2024-03-21
Finland,"7,995",1 Mar 2024,7995,2024-03-01
Slovakia,"7,650",1 Mar 2024,7650,2024-03-01
Honduras,"7,390",21 Mar 2024,7390,2024-03-21
Tanzania,"7,022",22 Mar 2024,7022,2024-03-22
Iceland,"6,847",15 Mar 2024,6847,2024-03-15
Myanmar,"6,700",1 Mar 2024,6700,2024-03-01
Sri Lanka,"6,467",31 Oct 2024,6467,2024-10-31
Panama,"6,143",1 Mar 2024,6143,2024-03-01
Venezuela,"5,908",1 Mar 2024,5908,2024-03-01
Trinidad and Tobago,"5,800",18 Mar 2024,5800,2024-03-18
Moldova,"5,600",30 Aug 2024,5600,2024-08-30
Mauritius,"5,591",1 Mar 2024,5591,2024-03-01
Bahrain,"5,500",25 Mar 2024,5500,2024-03-25
Albania,"5,290",31 Apr 2024,5290,NA
Georgia,"5,224",25 Mar 2024,5224,2024-03-25
Mongolia,"5,120",20 Mar 2024,5120,2024-03-20
Botswana,"5,080",1 Mar 2024,5080,2024-03-01
Jamaica,"4,921",5 Mar 2024,4921,2024-03-05
Lithuania,"4,900",1 Mar 2024,4900,2024-03-01
Vatican City,"4,339",1 Mar 2024,4339,2024-03-01
Armenia,"4,298",25 Mar 2024,4298,2024-03-25
Nicaragua,"3,980",1 Mar 2024,3980,2024-03-01
Greece,"3,926",1 Mar 2024,3926,2024-03-01
Latvia,"3,913",1 Mar 2024,3913,2024-03-01
Uganda,"3,700",1 Mar 2024,3700,2024-03-01
Andorra,"3,689",20 Mar 2024,3689,2024-03-20
Brunei,"3,664",1 Mar 2024,3664,2024-03-01
Cameroon,"3,459",1 Mar 2024,3459,2024-03-01
Ethiopia,"3,430",1 Mar 2024,3430,2024-03-01
Ghana,"3,368",1 Mar 2024,3368,2024-03-01
Ecuador,"3,305",1 Mar 2024,3305,2024-03-01
Kyrgyzstan,"2,976",1 Mar 2024,2976,2024-03-01
Croatia,"2,935",1 Mar 2024,2935,2024-03-01
Slovenia,"2,519",1 Mar 2024,2519,2024-03-01
El Salvador,"2,510",1 Mar 2024,2510,2024-03-01
Cuba,"2,500",15 Mar 2024,2500,2024-03-15
Kenya,"2,490",5 Mar 2024,2490,2024-03-05
Papua New Guinea,"2,339",1 Mar 2024,2339,2024-03-01
Haiti,"2,296",1 Mar 2024,2296,2024-03-01
Estonia,"2,065",1 Mar 2024,2065,2024-03-01
Namibia,"2,019",1 Mar 2024,2019,2024-03-01
Bahamas,"1,758",1 Mar 2024,1758,2024-03-01
Bolivia,"1,769",1 Mar 2024,1769,2024-03-01
Madagascar,"1,620",19 Mar 2024,1620,2024-03-19
Montenegro,"1,558",1 Mar 2024,1558,2024-03-01
Mauritania,"1,493",1 Mar 2024,1493,2024-03-01
Tajikistan,"1,482",1 Mar 2024,1482,2024-03-01
Rwanda,"1,458",1 Mar 2024,1458,2024-03-01
Zambia,"6,500",12 JUN 2026,6500,2026-06-12
Guinea,"1,425",15 Mar 2024,1425,2024-03-15
Gabon,"1,377",1 Mar 2024,1377,2024-03-01
Cyprus,"1,271",1 Mar 2024,1271,2024-03-01
Luxembourg,"1,119",5 Mar 2024,1119,2024-03-05
Laos,"1,099",1 Mar 2024,1099,2024-03-01
Curaçao *,"1,080",20 Mar 2024,1080,2024-03-20
Fiji,"1,065",5 Mar 2024,1065,2024-03-05
Niger,"1,053",1 Mar 2024,1053,2024-03-01
Aruba *,"1,017",15 Mar 2024,1017,2024-03-15
Bhutan,972,10 Mar 2024,972,2024-03-10
Kosovo *,950,1 Mar 2024,950,2024-03-01
Malta,937,20 Mar 2024,937,2024-03-20
Lesotho,785,1 Mar 2024,785,2024-03-01
Barbados,770,1 Mar 2024,770,2024-03-01
San Marino,716,1 Mar 2024,716,2024-03-01
Cape Verde,712,1 Mar 2024,712,2024-03-01
Gambia,698,1 Mar 2024,698,2024-03-01
Palestine *,671,1 Mar 2024,671,2024-03-01
Timor-Leste,654,1 Mar 2024,654,2024-03-01
Suriname,647,8 Mar 2024,647,2024-03-08
Maldives,644,1 September 2026,644,2026-09-01
Sierra Leone,624,2 Mar 2024,624,2024-03-02
Mali,604,1 Mar 2024,604,2024-03-01
Guyana,553,10 Mar 2024,553,2024-03-10
Solomon Islands,551,8 Mar 2024,551,2024-03-08
Seychelles,546,1 Mar 2024,546,2024-03-01
Vanuatu,509,1 Mar 2024,509,2024-03-01
Democratic Republic of the Congo,505,14 Mar 2024,505,2024-03-14
Djibouti,504,1 Mar 2024,504,2024-03-01
Malawi,488,1 Mar 2024,488,2024-03-01
Eswatini,467,1 Mar 2024,467,2024-03-01
Afghanistan,443,1 Oct 2024,443,2024-10-01
Republic of the Congo,443,1 Mar 2024,443,2024-03-01
Syria,401,1 Mar 2024,401,2024-03-01
Federated States of Micronesia,395,1 Mar 2024,395,2024-03-01
Central African Republic,375,1 Mar 2024,375,2024-03-01
Saint Kitts and Nevis,365,1 Mar 2024,365,2024-03-01
Liberia,342,1 Mar 2024,342,2024-03-01
Guinea-Bissau,329,1 Mar 2024,329,2024-03-01
Antigua and Barbuda,285,1 Mar 2024,285,2024-03-01
Belize,281,1 Mar 2024,281,2024-03-01
Saint Lucia *,258,1 Mar 2024,258,2024-03-01
Yemen,250,1 Mar 2024,250,2024-03-01
Grenada,247,1 Mar 2024,247,2024-03-01
Tonga,226,1 Mar 2024,226,2024-03-01
Togo,208,1 Mar 2024,208,2024-03-01
Comoros,197,1 Mar 2024,197,2024-03-01
Saint Vincent and the Grenadines *,192,1 Mar 2024,192,2024-03-01
Eritrea,189,1 Mar 2024,189,2024-03-01
Samoa,188,1 Mar 2024,188,2024-03-01
São Tomé and Príncipe,186,1 Mar 2024,186,2024-03-01
Sudan,172,1 Mar 2024,172,2024-03-01
Dominica,168,1 Mar 2024,168,2024-03-01
Senegal,164,1 Mar 2024,164,2024-03-01
Zimbabwe,159,1 Mar 2024,159,2024-03-01
Chad,143,1 Mar 2024,143,2024-03-01
Burundi,105,1 Mar 2024,105,2024-03-01
South Sudan,80,2 Mar 2024,80,2024-03-02
Benin,69,1 Mar 2024,69,2024-03-01
Montserrat,54,1 Mar 2024,54,2024-03-01
Equatorial Guinea,46,1 Mar 2024,46,2024-03-01
Burkina Faso,42,1 Mar 2024,42,2024-03-01
Somalia,37,1 Mar 2024,37,2024-03-01
Kiribati,8,1 Mar 2024,8,2024-03-01
Mozambique,4,31 Jul 2025,4,2025-07-31
North Macedonia,4,31 Aug 2025,4,2025-08-31
