country,wiki_date,wiki_usd_million,iso2c,wb_year,wb_usd,wb_usd_million,difference_million,difference_percent
China,2026-08-01,3854885,CN,2024,3456024808739.12,3456024.80873912,398860.19126087986,11.541010650510872
Japan,2026-06-30,1287470,JP,2024,1230666979042.45,1230666.97904245,56803.020957550034,4.615628917072837
Switzerland,2026-06-30,939140,CH,2024,909365744096.394,909365.744096394,29774.255903605954,3.27417830470309
India,2026-09-04,785710,IN,2024,643042560625.541,643042.560625541,142667.43937445898,22.186313645503414
Russia,2026-08-21,761200,NA,NA,NA,NA,NA,NA
Taiwan,2026-06-30,597150,NA,NA,NA,NA,NA,NA
Saudi Arabia,2026-05-31,487370,SA,2024,463869589071.029,463869.589071029,23500.410928971018,5.0661676218167795
Hong Kong *,2026-06-30,445900,NA,NA,NA,NA,NA,NA
South Korea,2026-06-30,427400,NA,NA,NA,NA,NA,NA
Singapore,2026-06-30,426830,SG,2024,383945953550.791,383945.953550791,42884.04644920898,11.169292462288182
Brazil,2026-04-30,366913,BR,2024,329732443813.378,329732.443813378,37180.55618662201,11.275977503647006
Germany,2024-10-01,345338,DE,2024,377935141356.243,377935.141356243,-32597.141356242995,-8.625062289594505
Thailand,2026-07-01,300180,TH,2024,236933974075.014,236933.974075014,63246.025924985996,26.693523447575362
Italy,2024-11-01,279631,IT,2024,290547420426.359,290547.420426359,-10916.420426358993,-3.7571906198099687
France,2024-11-01,272693,FR,2024,282857363313.825,282857.363313825,-10164.363313824986,-3.593458976900599
Mexico,2026-01-30,255605,MX,2024,232035392464.815,232035.392464815,23569.607535185,10.15776398799119
United States,2025-08-22,253767,US,2024,910036546651.5,910036.5466515,-656269.5466515,-72.11463639194037
Israel,2025-10-06,231880,IL,2024,214543676669.814,214543.67666981398,17336.323330186016,8.080556649015987
Poland,2025-01-07,223200,PL,2024,223114909804.172,223114.909804172,85.09019582800101,0.0381373866509794
Turkey,2026-01-30,218158,NA,NA,NA,NA,NA,NA
United Arab Emirates,2024-11-01,210000,AE,2024,237931339945.397,237931.339945397,-27931.33994539699,-11.739243746455163
United Kingdom,2024-11-01,189228,GB,2024,174597843325.182,174597.843325182,14630.15667481799,8.379345584223437
Indonesia,2024-11-01,159246,ID,2024,155708275547.574,155708.275547574,3537.7244524259877,2.2720208286842767
Czech Republic,2024-11-01,149416,NA,NA,NA,NA,NA,NA
Netherlands,2024-03-01,125451,NL,2024,79129609286.1887,79129.6092861887,46321.3907138113,58.53863191246194
Canada,2024-11-01,123084,CA,2024,119778473396.958,119778.473396958,3305.5266030420025,2.759700060700517
Malaysia,2024-10-01,119700,MY,2024,116229205257.758,116229.20525775799,3470.794742242011,2.9861640493410713
Philippines,2024-11-01,112434,PH,2024,106195050244.098,106195.050244098,6238.949755901995,5.874991105104483
Spain,2024-11-01,100983,ES,2024,107774143968.875,107774.143968875,-6791.143968874996,-6.3012738666115204
Iraq,2024-03-25,100000,IQ,2024,100690954781.588,100690.95478158799,-690.9547815879923,-0.6862133575818848
Romania,2026-01-31,95127,RO,2024,73391248091.2734,73391.2480912734,21735.751908726597,29.616272340395163
Vietnam,2024-03-01,93342,NA,NA,NA,NA,NA,NA
Denmark,2024-11-01,93196,DK,2024,108405100882.539,108405.100882539,-15209.100882539002,-14.029875678099902
Belgium,2024-03-01,82000,BE,2024,42330768016.1494,42330.7680161494,39669.2319838506,93.7125260016936
Norway,2024-10-01,80110,NO,2024,81241559661.5009,81241.5596615009,-1131.559661500898,-1.3928335032163672
Peru,2024-03-01,73483,PE,2024,79246042707.9259,79246.04270792591,-5763.04270792591,-7.2723413195111
Libya,2024-03-01,70524,LY,2024,92893708178.1604,92893.7081781604,-22369.708178160407,-24.080972346649837
Algeria,2024-03-01,68028,DZ,2024,83007108429.3211,83007.1084293211,-14979.108429321102,-18.045573099411737
South Africa,2025-03-31,67450,ZA,2024,65434957159.2265,65434.9571592265,2015.0428407735017,3.0794592496946036
Australia,2024-11-07,65018,AU,2024,60404058269.2777,60404.0582692777,4613.9417307222975,7.638463147879269
Qatar,2024-03-01,64560,QA,2024,53987415590.4034,53987.4155904034,10572.584409596602,19.58342382937839
Sweden,2024-11-07,62438,SE,2024,62569356006.7168,62569.3560067168,-131.35600671680004,-0.2099366448692536
Colombia,2024-03-08,57269,CO,2024,61897968642.424,61897.968642424006,-4628.968642424006,-7.4783853880002384
Portugal,2024-03-01,53710,PT,2024,42434283510.5071,42434.283510507106,11275.716489492894,26.572185404523037
Kuwait,2024-03-01,46420,KW,2024,50727942998.1333,50727.9429981333,-4307.942998133301,-8.492248539018872
Chile,2024-03-01,42527,CL,2024,44403009394.3695,44403.0093943695,-1876.0093943695028,-4.224960019505771
Hungary,2024-03-01,41344,HU,2024,46422357553.8952,46422.3575538952,-5078.357553895199,-10.939464993778811
Ukraine,2024-03-01,40507,UA,2024,43780549772.8406,43780.5497728406,-3273.549772840597,-7.477178312802629
Bangladesh,2026-07-03,37660,BD,2024,21394795733.0405,21394.7957330405,16265.2042669595,76.02411572381011
Argentina,2026-06-01,36625,AR,2024,29559610350.7831,29559.6103507831,7065.389649216901,23.902174505590946
Serbia,2026-09-11,35770,RS,2024,30484164151.2486,30484.1641512486,5285.8358487514015,17.339612208245175
Bulgaria,2024-03-01,35395,BG,2024,43698277895.9665,43698.2778959665,-8303.277895966501,-19.00138471299557
Egypt,2024-03-01,35310,NA,NA,NA,NA,NA,NA
Nigeria,2024-03-01,34980,NG,2024,40405994024.7986,40405.9940247986,-5425.9940247986015,-13.42868590602789
Austria,2024-03-01,34856,AT,2024,35405523062.0747,35405.5230620747,-549.5230620747025,-1.5520828801519233
Kazakhstan,2024-03-01,34500,KZ,2024,45807523139.2563,45807.5231392563,-11307.5231392563,-24.684860399199223
Uzbekistan,2024-03-01,32195,UZ,2024,41236890133.3347,41236.8901333347,-9041.890133334702,-21.926702290349244
Morocco,2024-03-01,32037,MA,2024,37133907722.7893,37133.9077227893,-5096.907722789299,-13.725751032825713
New Zealand,2024-03-01,31712,NZ,2024,22065156553.5373,22065.1565535373,9646.843446462699,43.719805128308494
Pakistan,2026-09-19,26791,PK,2024,18407745860.6666,18407.7458606666,8383.2541393334,45.54199195701965
Iran,2024-03-01,24300,NA,NA,NA,NA,NA,NA
Macau *,2024-03-01,24283,NA,NA,NA,NA,NA,NA
Guatemala,2024-03-01,21390,GT,2024,24412418011.7846,24412.4180117846,-3022.418011784601,-12.380658115577038
Turkmenistan,2024-03-01,20600,NA,NA,NA,NA,NA,NA
Cambodia,2024-03-01,18496,KH,2024,22505568572.5432,22505.5685725432,-4009.5685725432013,-17.815895473242456
Jordan,2024-03-01,18765,JO,2024,21939099361.5116,21939.099361511602,-3174.099361511602,-14.467774219939113
Nepal,2024-03-11,18400,NP,2024,15846781298.75,15846.78129875,2553.21870125,16.111907226557097
Oman,2024-03-01,16163,OM,2024,18286526117.9972,18286.5261179972,-2123.5261179972003,-11.612517895934714
Uruguay,2024-03-01,15449,UY,2024,17377698943.2229,17377.698943222902,-1928.698943222902,-11.098701557233916
Lebanon,2024-03-01,14738,LB,2024,33301277509.6206,33301.2775096206,-18563.277509620602,-55.74343958503618
Dominican Republic,2024-03-01,14371,DO,2024,13471257812.8679,13471.257812867902,899.7421871320985,6.678976823327175
Angola,2024-03-15,14200,AO,2024,14242892504.625,14242.892504625,-42.89250462500058,-0.30115023764359933
Costa Rica,2024-03-01,13200,CR,2024,14177018013.5179,14177.0180135179,-977.0180135178998,-6.891562193024692
Ireland,2024-03-01,12599,IE,2024,12698067021.8083,12698.0670218083,-99.06702180829961,-0.780174034663362
Azerbaijan,2024-03-01,11650,AZ,2024,12699124299.9099,12699.124299909901,-1049.1242999099013,-8.261390904862195
Ivory Coast,2024-03-01,9800,NA,NA,NA,NA,NA,NA
Paraguay,2024-03-01,9707,PY,2024,9567715594.05829,9567.71559405829,139.28440594170934,1.4557749399261748
North Korea,2024-03-01,9109,NA,NA,NA,NA,NA,NA
Bosnia and Herzegovina,2024-03-01,8711,BA,2024,9418858050.22744,9418.85805022744,-707.8580502274399,-7.515327722879815
Belarus,2024-08-31,8697,BY,2024,8912194598.43984,8912.19459843984,-215.19459843984077,-2.414608389245815
Tunisia,2024-03-21,8623,TN,2024,9343597097.75793,9343.59709775793,-720.5970977579309,-7.712202166024944
Finland,2024-03-01,7995,FI,2024,17992892153.4528,17992.8921534528,-9997.892153452802,-55.56578713519507
Slovakia,2024-03-01,7650,NA,NA,NA,NA,NA,NA
Honduras,2024-03-21,7390,HN,2024,8036257488.9592695,8036.25748895927,-646.2574889592697,-8.041771805434806
Tanzania,2024-03-22,7022,TZ,2018,5049646420.4773,5049.6464204773,1972.3535795226999,39.05924128716066
Iceland,2024-03-15,6847,IS,2024,6402950468.75603,6402.95046875603,444.0495312439698,6.935076780786656
Myanmar,2024-03-01,6700,MM,2023,9337819633.15963,9337.81963315963,-2637.81963315963,-28.248774733155486
Sri Lanka,2024-10-31,6467,LK,2024,6093946546.37437,6093.94654637437,373.05345362563,6.121705380687667
Panama,2024-03-01,6143,PA,2024,6855505288.43603,6855.50528843603,-712.5052884360302,-10.393184141187884
Venezuela,2024-03-01,5908,NA,NA,NA,NA,NA,NA
Trinidad and Tobago,2024-03-18,5800,TT,2024,5601120709.15512,5601.12070915512,198.87929084488042,3.550705317237836
Moldova,2024-08-30,5600,MD,2024,5483515866.86942,5483.51586686942,116.48413313057972,2.1242599813444394
Mauritius,2024-03-01,5591,MU,2024,8506134285.10038,8506.13428510038,-2915.134285100379,-34.27096478134166
Bahrain,2024-03-25,5500,BH,2024,4948702759.13155,4948.70275913155,551.29724086845,11.140237506711706
Albania,NA,5290,AL,2024,6515581527.60071,6515.58152760071,-1225.5815276007097,-18.810009857278487
Georgia,2024-03-25,5224,GE,2024,4447216641.42079,4447.2166414207895,776.7833585792105,17.46673079391619
Mongolia,2024-03-20,5120,MN,2024,5507944030.50837,5507.944030508371,-387.9440305083708,-7.043354623060039
Botswana,2024-03-01,5080,BW,2024,3455661776.33964,3455.6617763396403,1624.3382236603597,47.005127491988425
Jamaica,2024-03-05,4921,JM,2024,5632916052.14541,5632.91605214541,-711.9160521454096,-12.638499234766016
Lithuania,2024-03-01,4900,LT,2024,7407101582.10623,7407.10158210623,-2507.10158210623,-33.84726879084233
Vatican City,2024-03-01,4339,NA,NA,NA,NA,NA,NA
Armenia,2024-03-25,4298,AM,2024,3685220142.94538,3685.2201429453803,612.7798570546197,16.628039392101574
Nicaragua,2024-03-01,3980,NI,2024,6104867094.02533,6104.86709402533,-2124.8670940253296,-34.806115535338684
Greece,2024-03-01,3926,GR,2024,15221750195.0005,15221.750195000499,-11295.750195000499,-74.20795933644035
Latvia,2024-03-01,3913,LV,2024,5140826261.28181,5140.82626128181,-1227.8262612818098,-23.883831097915078
Uganda,2024-03-01,3700,UG,2024,3482906765.58962,3482.90676558962,217.09323441037986,6.233104961499831
Andorra,2024-03-20,3689,NA,NA,NA,NA,NA,NA
Brunei,2024-03-01,3664,NA,NA,NA,NA,NA,NA
Cameroon,2024-03-01,3459,CM,2024,5061511549.89538,5061.51154989538,-1602.51154989538,-31.660730872549397
Ethiopia,2024-03-01,3430,ET,2024,3784387425.19121,3784.38742519121,-354.3874251912098,-9.364459432250227
Ghana,2024-03-01,3368,GH,2024,4472457558.56406,4472.4575585640605,-1104.4575585640605,-24.694645932395627
Ecuador,2024-03-01,3305,EC,2024,6907743954.50087,6907.74395450087,-3602.74395450087,-52.155146140780666
Kyrgyzstan,2024-03-01,2976,NA,NA,NA,NA,NA,NA
Croatia,2024-03-01,2935,HR,2024,3335294932.65449,3335.29493265449,-400.2949326544899,-12.001785171541147
Slovenia,2024-03-01,2519,SI,2024,2832343259.62504,2832.34325962504,-313.34325962504,-11.063039713149811
El Salvador,2024-03-01,2510,SV,2024,3704746691.22734,3704.7466912273403,-1194.7466912273403,-32.249079108605244
Cuba,2024-03-15,2500,NA,NA,NA,NA,NA,NA
Kenya,2024-03-05,2490,KE,2024,10066607177.351,10066.607177351,-7576.607177350999,-75.26475448846077
Papua New Guinea,2024-03-01,2339,PG,2024,3708907022.18138,3708.90702218138,-1369.90702218138,-36.935598924118466
Haiti,2024-03-01,2296,HT,2024,2714226653.6402,2714.2266536402003,-418.2266536402003,-15.408685677715724
Estonia,2024-03-01,2065,EE,2024,2074505152.71104,2074.50515271104,-9.505152711039955,-0.4581889179025788
Namibia,2024-03-01,2019,NA,2024,3355524014.61227,3355.52401461227,-1336.52401461227,-39.83056025801398
Bahamas,2024-03-01,1758,NA,NA,NA,NA,NA,NA
Bolivia,2024-03-01,1769,BO,2024,1977025889.30984,1977.02588930984,-208.02588930984007,-10.5221631357827
Madagascar,2024-03-19,1620,MG,2024,2784591092.62259,2784.59109262259,-1164.5910926225902,-41.822696901818794
Montenegro,2024-03-01,1558,ME,2024,1741494536.63686,1741.49453663686,-183.49453663685995,-10.536612821721565
Mauritania,2024-03-01,1493,MR,2021,2038562789.40175,2038.56278940175,-545.56278940175,-26.76212831108599
Tajikistan,2024-03-01,1482,TJ,2024,3630709354.49572,3630.7093544957197,-2148.7093544957197,-59.181530238301335
Rwanda,2024-03-01,1458,RW,2024,2406465191.3504,2406.4651913504,-948.4651913503999,-39.413210494774034
Zambia,2026-06-12,6500,ZM,2024,4089834507.97439,4089.83450797439,2410.16549202561,58.93063612540437
Guinea,2024-03-15,1425,GN,2024,1345598715.8962,1345.5987158962,79.40128410379998,5.90081449735309
Gabon,2024-03-01,1377,GA,2024,638788434.429856,638.7884344298559,738.2115655701441,115.5643286229857
Cyprus,2024-03-01,1271,CY,2024,2087252552.47629,2087.25255247629,-816.25255247629,-39.10655428390294
Luxembourg,2024-03-05,1119,LU,2024,2789187309.62034,2789.18730962034,-1670.1873096203399,-59.88078691809635
Laos,2024-03-01,1099,NA,NA,NA,NA,NA,NA
Curaçao *,2024-03-20,1080,NA,NA,NA,NA,NA,NA
Fiji,2024-03-05,1065,FJ,2024,1599606710.18293,1599.60671018293,-534.6067101829301,-33.421134506355806
Niger,2024-03-01,1053,NA,NA,NA,NA,NA,NA
Aruba *,2024-03-15,1017,NA,NA,NA,NA,NA,NA
Bhutan,2024-03-10,972,BT,2024,941017689.206037,941.0176892060371,30.982310793962938,3.2924259713017276
Kosovo *,2024-03-01,950,NA,NA,NA,NA,NA,NA
Malta,2024-03-20,937,MT,2024,1417609467.81291,1417.60946781291,-480.60946781291,-33.90281165054541
Lesotho,2024-03-01,785,LS,2024,1007862057.19677,1007.8620571967699,-222.8620571967699,-22.112357103374855
Barbados,2024-03-01,770,BB,2024,1653675115.41191,1653.6751154119102,-883.6751154119102,-53.43704499004919
San Marino,2024-03-01,716,SM,2024,758942003.435389,758.9420034353891,-42.9420034353891,-5.658140311250394
Cape Verde,2024-03-01,712,NA,NA,NA,NA,NA,NA
Gambia,2024-03-01,698,NA,NA,NA,NA,NA,NA
Palestine *,2024-03-01,671,NA,NA,NA,NA,NA,NA
Timor-Leste,2024-03-01,654,TL,2024,780435177.882018,780.435177882018,-126.43517788201802,-16.20059954564629
Suriname,2024-03-08,647,SR,2024,1632317813.39707,1632.31781339707,-985.31781339707,-60.36311098918248
Maldives,2026-09-01,644,MV,2024,673885912.694607,673.885912694607,-29.885912694606986,-4.434862360470614
Sierra Leone,2024-03-02,624,SL,2024,433270129.080483,433.270129080483,190.729870919517,44.021006323306345
Mali,2024-03-01,604,NA,NA,NA,NA,NA,NA
Guyana,2024-03-10,553,GY,2024,1009772163.61402,1009.77216361402,-456.77216361402,-45.23517087054686
Solomon Islands,2024-03-08,551,SB,2024,685807870.563439,685.807870563439,-134.807870563439,-19.65679840516921
Seychelles,2024-03-01,546,SC,2024,773677575.743445,773.677575743445,-227.677575743445,-29.42796623317721
Vanuatu,2024-03-01,509,VU,2024,614649778.922429,614.6497789224289,-105.64977892242894,-17.188614158073637
Democratic Republic of the Congo,2024-03-14,505,NA,NA,NA,NA,NA,NA
Djibouti,2024-03-01,504,DJ,2024,348725427.269846,348.725427269846,155.27457273015398,44.526312275474396
Malawi,2024-03-01,488,MW,2020,594498493.623211,594.4984936232111,-106.49849362321106,-17.91400563088879
Eswatini,2024-03-01,467,SZ,2024,536572585.913259,536.572585913259,-69.57258591325899,-12.966108917928565
Afghanistan,2024-10-01,443,AF,2020,9748946326.71795,9748.94632671795,-9305.94632671795,-95.45591918189236
Republic of the Congo,2024-03-01,443,NA,NA,NA,NA,NA,NA
Syria,2024-03-01,401,NA,NA,NA,NA,NA,NA
Federated States of Micronesia,2024-03-01,395,NA,NA,NA,NA,NA,NA
Central African Republic,2024-03-01,375,CF,2024,489286576.286085,489.286576286085,-114.286576286085,-23.357799258171728
Saint Kitts and Nevis,2024-03-01,365,NA,NA,NA,NA,NA,NA
Liberia,2024-03-01,342,LR,2024,367711666.748042,367.711666748042,-25.711666748041978,-6.992344565901346
Guinea-Bissau,2024-03-01,329,NA,NA,NA,NA,NA,NA
Antigua and Barbuda,2024-03-01,285,AG,2024,358440631.721895,358.440631721895,-73.44063172189499,-20.488924865771278
Belize,2024-03-01,281,BZ,2024,498087320.739572,498.08732073957196,-217.08732073957196,-43.58418929781941
Saint Lucia *,2024-03-01,258,NA,NA,NA,NA,NA,NA
Yemen,2024-03-01,250,NA,NA,NA,NA,NA,NA
Grenada,2024-03-01,247,GD,2024,423263143.568031,423.263143568031,-176.263143568031,-41.64386770890678
Tonga,2024-03-01,226,TO,2024,377298748.746431,377.298748746431,-151.298748746431,-40.10051696410832
Togo,2024-03-01,208,NA,NA,NA,NA,NA,NA
Comoros,2024-03-01,197,KM,2024,323945586.380687,323.945586380687,-126.94558638068702,-39.18731778351997
Saint Vincent and the Grenadines *,2024-03-01,192,NA,NA,NA,NA,NA,NA
Eritrea,2024-03-01,189,ER,2019,191694416.403147,191.69441640314702,-2.6944164031470166,-1.4055789697496806
Samoa,2024-03-01,188,WS,2024,507740280.935857,507.740280935857,-319.740280935857,-62.9731957343463
São Tomé and Príncipe,2024-03-01,186,NA,NA,NA,NA,NA,NA
Sudan,2024-03-01,172,SD,2017,177933851.813136,177.93385181313602,-5.933851813136016,-3.334863913004972
Dominica,2024-03-01,168,DM,2024,155971242.017246,155.971242017246,12.028757982754001,7.7121640035564765
Senegal,2024-03-01,164,NA,NA,NA,NA,NA,NA
Zimbabwe,2024-03-01,159,ZW,2024,484972804.72655,484.97280472655,-325.97280472655,-67.21465648168633
Chad,2024-03-01,143,TD,2024,1547604928.86707,1547.60492886707,-1404.60492886707,-90.75991570376532
Burundi,2024-03-01,105,BI,2023,90349885.1781753,90.3498851781753,14.650114821824701,16.2148682236107
South Sudan,2024-03-02,80,SS,2024,15961778.4894403,15.961778489440299,64.03822151055971,401.19728232618274
Benin,2024-03-01,69,NA,NA,NA,NA,NA,NA
Montserrat,2024-03-01,54,NA,NA,NA,NA,NA,NA
Equatorial Guinea,2024-03-01,46,GQ,2024,1076807833.41514,1076.8078334151398,-1030.8078334151398,-95.72811428626879
Burkina Faso,2024-03-01,42,NA,NA,NA,NA,NA,NA
Somalia,2024-03-01,37,NA,NA,NA,NA,NA,NA
Kiribati,2024-03-01,8,NA,NA,NA,NA,NA,NA
Mozambique,2025-07-31,4,MZ,2024,3842807100.82527,3842.80710082527,-3838.80710082527,-99.8959094251923
North Macedonia,2025-08-31,4,MK,2024,5251936213.50666,5251.93621350666,-5247.93621350666,-99.9238376126939
